id,car_model,brand
1,Optima,Kia
2,Econoline E250,Ford
3,Passat,Volkswagen
4,Voyager,Chrysler
5,XK Series,Jaguar
6,Sigma,Mitsubishi
7,Caravan,Dodge
8,C30,Volvo
9,Verona,Suzuki
10,Fortwo,Smart
11,Defender Ice Edition,Land Rover
12,Vision,Eagle
13,Aspen,Chrysler
14,Truck,Mitsubishi
15,Insight,Honda
16,Pathfinder,Nissan
17,Sonoma,GMC
18,Mustang,Ford
19,XL7,Suzuki
20,Q,Infiniti
21,Laser,Ford
22,3000GT,Mitsubishi
23,C30,Volvo
24,Laser,Ford
25,Savana 3500,GMC
26,H3T,Hummer
27,Mountaineer,Mercury
28,Ranger,Ford
29,LS,Lexus
30,NSX,Acura
31,DeVille,Cadillac
32,E250,Ford
33,S-Class,Mercedes-Benz
34,Marquis,Mercury
35,Vibe,Pontiac
36,Accord,Honda
37,E-Series,Ford
38,Leone,Subaru
39,100,Audi
40,Aerostar,Ford
41,2e,Aptera
42,Town Car,Lincoln
43,LR2,Land Rover
44,Silhouette,Oldsmobile
45,Frontier,Nissan
46,Tercel,Toyota
47,Camaro,Chevrolet
48,Impala,Chevrolet
49,Miata MX-5,Mazda
50,Town & Country,Chrysler
51,Leone,Subaru
52,Corvette,Chevrolet
53,QX56,Infiniti
54,Sierra 1500,GMC
55,G-Series 1500,Chevrolet
56,Passat,Volkswagen
57,Avalanche,Chevrolet
58,Ram Van 2500,Dodge
59,Mariner,Mercury
60,rio,Volkswagen
61,B-Series,Mazda
62,V40,Volvo
63,Gemini,Pontiac
64,Topaz,Mercury
65,X3,BMW
66,Sonoma,GMC
67,LaCrosse,Buick
68,M,Infiniti
69,A6,Audi
70,E150,Ford
71,Mustang,Ford
72,DeVille,Cadillac
73,Tacoma Xtra,Toyota
74,Sephia,Kia
75,Leone,Subaru
76,Sonata,Hyundai
77,Camry,Toyota
78,Land Cruiser,Toyota
79,HHR,Chevrolet
80,S40,Volvo
81,RL,Acura
82,62,Maybach
83,Ion,Saturn
84,Golf,Volkswagen
85,QX56,Infiniti
86,Galant,Mitsubishi
87,300SD,Mercedes-Benz
88,2500 Club Coupe,GMC
89,Lucerne,Buick
90,FJ Cruiser,Toyota
91,Murano,Nissan
92,Beetle,Volkswagen
93,90,Audi
94,X5 M,BMW
95,Carens,Kia
96,A3,Audi
97,Colorado,Chevrolet
98,Aspen,Chrysler
99,Galant,Mitsubishi
100,Prius Plug-in Hybrid,Toyota
101,Park Avenue,Buick
102,Town Car,Lincoln
103,Silverado,Chevrolet
104,Bronco,Ford
105,Express,Chevrolet
106,3500 Club Coupe,GMC
107,Q7,Audi
108,Cobalt,Chevrolet
109,SC,Lexus
110,626,Mazda
111,Sierra 2500,GMC
112,Stratus,Dodge
113,458 Italia,Ferrari
114,Express 2500,Chevrolet
115,Firebird,Pontiac
116,4000s,Audi
117,Avalon,Toyota
118,Suburban 2500,Chevrolet
119,Talon,Eagle
120,Protege,Mazda
121,Miata MX-5,Mazda
122,IS,Lexus
123,Flex,Ford
124,MX-6,Mazda
125,F-Series,Ford
126,Tahoe,Chevrolet
127,Escape,Ford
128,Touareg,Volkswagen
129,Sorento,Kia
130,Fit,Honda
131,xD,Scion
132,H2 SUT,Hummer
133,Aurora,Oldsmobile
134,Explorer,Ford
135,SRX,Cadillac
136,Accent,Hyundai
137,Countach,Lamborghini
138,Grand Caravan,Dodge
139,Maxima,Nissan
140,Tacoma Xtra,Toyota
141,SC,Lexus
142,XL7,Suzuki
143,545,BMW
144,CR-X,Honda
145,Impreza,Subaru
146,Maxima,Nissan
147,Yukon XL 1500,GMC
148,CTS-V,Cadillac
149,Trans Sport,Pontiac
150,Town Car,Lincoln
151,Grand Prix,Pontiac
152,F250,Ford
153,Ranger,Ford
154,Express 3500,Chevrolet
155,MR2,Toyota
156,G,Infiniti
157,Accord,Honda
158,Escort,Ford
159,XK Series,Jaguar
160,Ram Van 2500,Dodge
161,M5,BMW
162,Grand Caravan,Dodge
163,S60,Volvo
164,G35,Infiniti
165,Aerostar,Ford
166,Accent,Hyundai
167,Tacoma,Toyota
168,Jetta,Volkswagen
169,4Runner,Toyota
170,Grand Cherokee,Jeep
171,Tahoe,Chevrolet
172,Escalade EXT,Cadillac
173,911,Porsche
174,Premier,Eagle
175,Savana 1500,GMC
176,Galant,Mitsubishi
177,Trans Sport,Pontiac
178,Fiesta,Ford
179,CX-7,Mazda
180,3 Series,BMW
181,Imperial,Chrysler
182,RX Hybrid,Lexus
183,M3,BMW
184,G-Series 2500,Chevrolet
185,Impala,Chevrolet
186,Blazer,Chevrolet
187,Cougar,Mercury
188,Ram 2500,Dodge
189,Esteem,Suzuki
190,Ranger,Ford
191,Neon,Dodge
192,Suburban 2500,GMC
193,W201,Mercedes-Benz
194,2500,GMC
195,Flex,Ford
196,F-250 Super Duty,Ford
197,98,Oldsmobile
198,Century,Buick
199,Spirit,Dodge
200,626,Mazda
201,Contour,Ford
202,911,Porsche
203,Corvette,Chevrolet
204,Colt,Dodge
205,F-Series,Ford
206,900,Saab
207,SRX,Cadillac
208,9000,Saab
209,Corvette,Chevrolet
210,Compass,Jeep
211,Crossfire,Chrysler
212,Tracker,Chevrolet
213,Q,Infiniti
214,Ranger,Ford
215,Continental,Bentley
216,rio,Volkswagen
217,Eclipse,Mitsubishi
218,Escalade ESV,Cadillac
219,4Runner,Toyota
220,626,Mazda
221,Diablo,Lamborghini
222,2500,GMC
223,Topaz,Mercury
224,Safari,GMC
225,Rio,Kia
226,Contour,Ford
227,Solara,Toyota
228,3500,Chevrolet
229,Gran Sport,Maserati
230,Savana 2500,GMC
231,S10,Chevrolet
232,MPV,Mazda
233,Tundra,Toyota
234,X6,BMW
235,Galant,Mitsubishi
236,Century,Buick
237,VUE,Saturn
238,Legacy,Subaru
239,Solara,Toyota
240,5 Series,BMW
241,Range Rover Sport,Land Rover
242,Suburban 2500,Chevrolet
243,Storm,Geo
244,626,Mazda
245,Escalade ESV,Cadillac
246,Cabriolet,Volkswagen
247,Leone,Subaru
248,TT,Audi
249,Impala,Chevrolet
250,IPL G,Infiniti
251,Sorento,Kia
252,Mustang,Ford
253,Windstar,Ford
254,S-Type,Jaguar
255,9-5,Saab
256,A6,Audi
257,RX-7,Mazda
258,3 Series,BMW
259,Tribeca,Subaru
260,Yukon,GMC
261,Savana 1500,GMC
262,IS-F,Lexus
263,900,Saab
264,Sierra 1500,GMC
265,Sunfire,Pontiac
266,Challenger,Dodge
267,Tucson,Hyundai
268,Entourage,Hyundai
269,Sebring,Chrysler
270,Econoline E350,Ford
271,Lumina,Chevrolet
272,Escalade EXT,Cadillac
273,Aerostar,Ford
274,Cabriolet,Volkswagen
275,Sprinter 3500,Mercedes-Benz
276,Escalade,Cadillac
277,Legacy,Subaru
278,Celica,Toyota
279,A8,Audi
280,Villager,Mercury
281,Club Wagon,Ford
282,Swift,Suzuki
283,MX-5,Mazda
284,Alpina B7,BMW
285,SL-Class,Mercedes-Benz
286,Intrepid,Dodge
287,LeSabre,Buick
288,Ascender,Isuzu
289,600,BMW
290,Probe,Ford
291,GLK-Class,Mercedes-Benz
292,Ranger,Ford
293,MR2,Toyota
294,Prius,Toyota
295,Avalanche 1500,Chevrolet
296,626,Mazda
297,1500,GMC
298,Five Hundred,Ford
299,S10 Blazer,Chevrolet
300,Galant,Mitsubishi
301,QX,Infiniti
302,Taurus,Ford
303,Navigator L,Lincoln
304,CTS,Cadillac
305,SL-Class,Mercedes-Benz
306,Altima,Nissan
307,Electra,Buick
308,Protege5,Mazda
309,Durango,Dodge
310,Citation,Chevrolet
311,SC,Lexus
312,Z3,BMW
313,4Runner,Toyota
314,GTI,Volkswagen
315,Coupe GT,Audi
316,Yukon XL 1500,GMC
317,RX-7,Mazda
318,H2 SUV,Hummer
319,Mustang,Ford
320,Forester,Subaru
321,Avenger,Dodge
322,Cougar,Mercury
323,Century,Buick
324,Liberty,Jeep
325,7 Series,BMW
326,CL-Class,Mercedes-Benz
327,W201,Mercedes-Benz
328,300ZX,Nissan
329,Econoline E350,Ford
330,G-Series G30,Chevrolet
331,Probe,Ford
332,Probe,Ford
333,Mazda6,Mazda
334,Caravan,Dodge
335,E-Series,Ford
336,F150,Ford
337,Parisienne,Pontiac
338,Grand Cherokee,Jeep
339,S40,Volvo
340,SJ,Suzuki
341,XK,Jaguar
342,Sidekick,Suzuki
343,SL-Class,Mercedes-Benz
344,Corvette,Chevrolet
345,7 Series,BMW
346,Sierra 1500,GMC
347,Sierra 1500,GMC
348,S10,Chevrolet
349,Range Rover,Land Rover
350,Bonneville,Pontiac
351,G,Infiniti
352,911,Porsche
353,9-5,Saab
354,3500,GMC
355,Corolla,Toyota
356,Sportvan G10,Chevrolet
357,GS,Lexus
358,Sonata,Hyundai
359,626,Mazda
360,Range Rover Sport,Land Rover
361,Outlander Sport,Mitsubishi
362,Venture,Chevrolet
363,Navigator,Lincoln
364,R8,Audi
365,Outback,Subaru
366,S4,Audi
367,Odyssey,Honda
368,Golf,Volkswagen
369,9000,Saab
370,Ram Van 3500,Dodge
371,ES,Lexus
372,QX,Infiniti
373,RAV4,Toyota
374,E-Class,Mercedes-Benz
375,Bonneville,Pontiac
376,F250,Ford
377,Grand Voyager,Plymouth
378,Venture,Chevrolet
379,Somerset,Buick
380,Sentra,Nissan
381,Probe,Ford
382,Mirage,Mitsubishi
383,Yukon XL 2500,GMC
384,Mighty Max Macro,Mitsubishi
385,i-350,Isuzu
386,Ram,Dodge
387,Outlander Sport,Mitsubishi
388,C70,Volvo
389,E-Series,Ford
390,Charger,Dodge
391,Defender,Land Rover
392,Fleetwood,Cadillac
393,F-Series,Ford
394,Sierra 2500,GMC
395,ES,Lexus
396,C-Class,Mercedes-Benz
397,Brougham,Cadillac
398,Sidekick,Suzuki
399,Sentra,Nissan
400,Compass,Jeep
401,Eclipse,Mitsubishi
402,Quattroporte,Maserati
403,Econoline E250,Ford
404,Intrepid,Dodge
405,Armada,Nissan
406,Sentra,Nissan
407,Ram 1500,Dodge
408,9-5,Saab
409,Element,Honda
410,Shadow,Dodge
411,Esperante,Panoz
412,Bravada,Oldsmobile
413,Econoline E150,Ford
414,Ram,Dodge
415,600,BMW
416,Savana 2500,GMC
417,Cobalt,Chevrolet
418,Raider,Mitsubishi
419,5000CS,Audi
420,LeMans,Pontiac
421,Elantra,Hyundai
422,Tucson,Hyundai
423,Electra,Buick
424,S2000,Honda
425,Pajero,Mitsubishi
426,S70,Volvo
427,GX,Lexus
428,ES,Lexus
429,Expo,Mitsubishi
430,545,BMW
431,Viper RT/10,Dodge
432,Express 2500,Chevrolet
433,Explorer,Ford
434,Sentra,Nissan
435,Continental,Lincoln
436,G-Class,Mercedes-Benz
437,S5,Audi
438,Esperante,Panoz
439,Sienna,Toyota
440,ES,Lexus
441,Trooper,Isuzu
442,Impreza,Subaru
443,Savana 3500,GMC
444,Land Cruiser,Toyota
445,ES,Lexus
446,Focus,Ford
447,8 Series,BMW
448,Camaro,Chevrolet
449,Legacy,Subaru
450,QX,Infiniti
451,Ram 1500,Dodge
452,Express 1500,Chevrolet
453,RSX,Acura
454,Viper,Dodge
455,Cherokee,Jeep
456,Legend,Acura
457,New Beetle,Volkswagen
458,Explorer,Ford
459,960,Volvo
460,Liberty,Jeep
461,Grand Vitara,Suzuki
462,300SD,Mercedes-Benz
463,Bronco,Ford
464,Celica,Toyota
465,Jetta,Volkswagen
466,SL-Class,Mercedes-Benz
467,Defender 90,Land Rover
468,Corvette,Chevrolet
469,Sentra,Nissan
470,Legacy,Subaru
471,Seville,Cadillac
472,Galaxie,Ford
473,Esteem,Suzuki
474,Ranger,Ford
475,Corvette,Chevrolet
476,626,Mazda
477,Skylark,Buick
478,Diablo,Lamborghini
479,Skylark,Buick
480,Sable,Mercury
481,Daewoo Magnus,Suzuki
482,STS,Cadillac
483,G-Series 2500,Chevrolet
484,XJ Series,Jaguar
485,Yukon XL 1500,GMC
486,Rondo,Kia
487,A6,Audi
488,Tacoma Xtra,Toyota
489,MKS,Lincoln
490,Routan,Volkswagen
491,V70,Volvo
492,Passport,Honda
493,323,Mazda
494,S4,Audi
495,Vandura 1500,GMC
496,i-290,Isuzu
497,Town Car,Lincoln
498,90,Audi
499,TundraMax,Toyota
500,Sentra,Nissan
501,Express 1500,Chevrolet
502,Voyager,Plymouth
503,F150,Ford
504,RX,Lexus
505,90,Audi
506,Yukon,GMC
507,A6,Audi
508,Quattroporte,Maserati
509,TL,Acura
510,Crossfire,Chrysler
511,Land Cruiser,Toyota
512,CLS-Class,Mercedes-Benz
513,Q,Infiniti
514,Escape,Ford
515,Somerset,Buick
516,Grand Am,Pontiac
517,Canyon,GMC
518,Silhouette,Oldsmobile
519,6 Series,BMW
520,Fleetwood,Cadillac
521,Savana 3500,GMC
522,LeBaron,Chrysler
523,I,Infiniti
524,Tahoe,Chevrolet
525,Camaro,Chevrolet
526,Mariner,Mercury
527,New Yorker,Chrysler
528,Caliber,Dodge
529,9000,Saab
530,Rondo,Kia
531,Phantom,Rolls-Royce
532,R-Class,Mercedes-Benz
533,rio,Volkswagen
534,300TE,Mercedes-Benz
535,Ram 3500,Dodge
536,Cherokee,Jeep
537,V8 Vantage,Aston Martin
538,Outlook,Saturn
539,Precis,Mitsubishi
540,Savana 1500,GMC
541,Diablo,Lamborghini
542,H2 SUT,Hummer
543,Rabbit,Volkswagen
544,Range Rover Classic,Land Rover
545,Quest,Nissan
546,Montero Sport,Mitsubishi
547,Grand Prix,Pontiac
548,GTI,Volkswagen
549,E-Series,Ford
550,Pajero,Mitsubishi
551,CR-V,Honda
552,ES,Lexus
553,Mariner,Mercury
554,LR4,Land Rover
555,Pilot,Honda
556,D250,Dodge
557,C70,Volvo
558,GranTurismo,Maserati
559,Prowler,Plymouth
560,Rio,Kia
561,Town Car,Lincoln
562,S-Series,Saturn
563,Tacoma,Toyota
564,6 Series,BMW
565,Yaris,Toyota
566,Grand Marquis,Mercury
567,Boxster,Porsche
568,Caravan,Dodge
569,Reliant,Plymouth
570,LS,Lexus
571,Malibu,Chevrolet
572,Civic Si,Honda
573,E-Class,Mercedes-Benz
574,Jimmy,GMC
575,Monte Carlo,Chevrolet
576,GranTurismo,Maserati
577,Prizm,Chevrolet
578,A4,Audi
579,Verona,Suzuki
580,Seville,Cadillac
581,B-Series,Mazda
582,Caravan,Dodge
583,Fiero,Pontiac
584,Cherokee,Jeep
585,RAV4,Toyota
586,Range Rover,Land Rover
587,Astro,Chevrolet
588,Grand Voyager,Plymouth
589,Accent,Hyundai
590,Dakota Club,Dodge
591,Thunderbird,Ford
592,Metro,Chevrolet
593,500SL,Mercedes-Benz
594,CLK-Class,Mercedes-Benz
595,Lumina,Chevrolet
596,Escort ZX2,Ford
597,V8 Vantage,Aston Martin
598,Ranger,Ford
599,Suburban 2500,Chevrolet
600,Pilot,Honda
601,Land Cruiser,Toyota
602,Corolla,Toyota
603,Quest,Nissan
604,Town & Country,Chrysler
605,Seville,Cadillac
606,Grand Vitara,Suzuki
607,Yukon XL 2500,GMC
608,V70,Volvo
609,F450,Ford
610,Relay,Saturn
611,Matrix,Toyota
612,Quattroporte,Maserati
613,Altima,Nissan
614,Wrangler,Jeep
615,S80,Volvo
616,Suburban 2500,GMC
617,M3,BMW
618,Prius,Toyota
619,62,Maybach
620,Camry,Toyota
621,Sienna,Toyota
622,Ram 1500,Dodge
623,VS Commodore,Holden
624,Carrera GT,Porsche
625,3500,Chevrolet
626,NSX,Acura
627,H2,Hummer
628,Prelude,Honda
629,Freelander,Land Rover
630,2500,Chevrolet
631,Brooklands,Bentley
632,SLK-Class,Mercedes-Benz
633,Country,Ford
634,C-Class,Mercedes-Benz
635,Sephia,Kia
636,C70,Volvo
637,S60,Volvo
638,Kizashi,Suzuki
639,Escort,Ford
640,Compass,Jeep
641,Continental GTC,Bentley
642,Viper,Dodge
643,Ram Wagon B250,Dodge
644,SVX,Subaru
645,Econoline E350,Ford
646,MX-5,Mazda
647,Crown Victoria,Ford
648,Paseo,Toyota
649,Murciélago,Lamborghini
650,Legacy,Subaru
651,F450,Ford
652,Frontier,Nissan
653,3 Series,BMW
654,Tacoma,Toyota
655,Suburban 1500,Chevrolet
656,Grand Caravan,Dodge
657,XT,Subaru
658,Ram Van 3500,Dodge
659,New Beetle,Volkswagen
660,Sidekick,Suzuki
661,TrailBlazer,Chevrolet
662,Solara,Toyota
663,Firebird,Pontiac
664,Ciera,Oldsmobile
665,A3,Audi
666,Thunderbird,Ford
667,Savana 3500,GMC
668,Mark VIII,Lincoln
669,Bonneville,Pontiac
670,Continental,Lincoln
671,SL-Class,Mercedes-Benz
672,Silhouette,Oldsmobile
673,CR-V,Honda
674,Venza,Toyota
675,164,Alfa Romeo
676,XJ Series,Jaguar
677,Bonneville,Pontiac
678,MPV,Mazda
679,Impreza,Subaru
680,Neon,Plymouth
681,Neon,Dodge
682,Spyder,Maserati
683,RX Hybrid,Lexus
684,Suburban 1500,GMC
685,Savana 1500,GMC
686,900,Saab
687,SC,Lexus
688,Tundra,Toyota
689,Corolla,Toyota
690,6000,Pontiac
691,Continental,Lincoln
692,D250 Club,Dodge
693,Sonoma Club Coupe,GMC
694,1500 Club Coupe,GMC
695,Corolla,Toyota
696,LeSabre,Buick
697,GTI,Volkswagen
698,G-Series G10,Chevrolet
699,Corvair,Chevrolet
700,XT,Subaru
701,Grand Cherokee,Jeep
702,GX,Lexus
703,S6,Audi
704,88,Oldsmobile
705,Dakota Club,Dodge
706,CTS,Cadillac
707,GTI,Volkswagen
708,Firebird,Pontiac
709,SL-Class,Mercedes-Benz
710,Silverado 2500,Chevrolet
711,Z8,BMW
712,Discovery,Land Rover
713,Xterra,Nissan
714,Tracer,Mercury
715,Dakota,Dodge
716,HHR Panel,Chevrolet
717,Camaro,Chevrolet
718,Ranger,Ford
719,Azera,Hyundai
720,Firebird,Pontiac
721,tC,Scion
722,Murciélago,Lamborghini
723,Santa Fe,Hyundai
724,Vibe,Pontiac
725,Dakota Club,Dodge
726,Laser,Ford
727,Odyssey,Honda
728,Cabriolet,Audi
729,Versa,Nissan
730,LeMans,Pontiac
731,Impala,Chevrolet
732,Hombre,Isuzu
733,F150,Ford
734,MX-5,Mazda
735,GTO,Pontiac
736,Vigor,Acura
737,300E,Mercedes-Benz
738,Legend,Acura
739,Cavalier,Chevrolet
740,Suburban 2500,GMC
741,Millenia,Mazda
742,Ramcharger,Dodge
743,Vanquish S,Aston Martin
744,Econoline E150,Ford
745,Rally Wagon 1500,GMC
746,SL-Class,Mercedes-Benz
747,S40,Volvo
748,S6,Audi
749,Firebird,Pontiac
750,Discovery,Land Rover
751,Cabriolet,Audi
752,E-Class,Mercedes-Benz
753,V70,Volvo
754,Grand Am,Pontiac
755,Firefly,Pontiac
756,Land Cruiser,Toyota
757,Escape,Ford
758,Esprit,Lotus
759,Express 2500,Chevrolet
760,Hemisfear,Foose
761,LTD Crown Victoria,Ford
762,MKX,Lincoln
763,Protege,Mazda
764,599 GTB Fiorano,Ferrari
765,Grand Prix,Pontiac
766,Esprit,Lotus
767,Altima,Nissan
768,3500,GMC
769,Estate,Buick
770,Suburban 1500,Chevrolet
771,LTD,Ford
772,Precis,Mitsubishi
773,A8,Audi
774,Caliber,Dodge
775,Ridgeline,Honda
776,Miata MX-5,Mazda
777,F250,Ford
778,Highlander,Toyota
779,5 Series,BMW
780,Bonneville,Pontiac
781,Express 1500,Chevrolet
782,Express 3500,Chevrolet
783,S10,Chevrolet
784,A8,Audi
785,Lucerne,Buick
786,Elan,Lotus
787,960,Volvo
788,MKZ,Lincoln
789,626,Mazda
790,Passat,Volkswagen
791,Grand Caravan,Dodge
792,Space,Isuzu
793,Sorento,Kia
794,SL-Class,Mercedes-Benz
795,Celica,Toyota
796,Solara,Toyota
797,Scirocco,Volkswagen
798,Ram Van 3500,Dodge
799,Diablo,Lamborghini
800,Vitara,Suzuki
801,9000,Saab
802,MDX,Acura
803,Protege,Mazda
804,Clubman,MINI
805,Marquis,Mercury
806,Odyssey,Honda
807,Tercel,Toyota
808,S-Class,Mercedes-Benz
809,E250,Ford
810,Sunbird,Pontiac
811,GTI,Volkswagen
812,Miata MX-5,Mazda
813,626,Mazda
814,S5,Audi
815,Grand Am,Pontiac
816,C-Class,Mercedes-Benz
817,Sephia,Kia
818,Camry,Toyota
819,Topaz,Mercury
820,Express,Chevrolet
821,Impreza,Subaru
822,Golf,Volkswagen
823,Mirage,Mitsubishi
824,Rogue,Nissan
825,Civic Si,Honda
826,850,Volvo
827,Lancer,Mitsubishi
828,Navajo,Mazda
829,Ram 50,Dodge
830,GTO,Pontiac
831,LS,Lexus
832,Range Rover,Land Rover
833,80/90,Audi
834,Ciera,Oldsmobile
835,CL-Class,Mercedes-Benz
836,Lucerne,Buick
837,Lightning,Ford
838,Frontier,Nissan
839,Mustang,Ford
840,Escape,Ford
841,626,Mazda
842,Xterra,Nissan
843,Corsica,Chevrolet
844,ES,Lexus
845,Tercel,Toyota
846,Millenia,Mazda
847,Lancer,Mitsubishi
848,G-Class,Mercedes-Benz
849,Freelander,Land Rover
850,E250,Ford
851,SL-Class,Mercedes-Benz
852,Explorer,Ford
853,G,Infiniti
854,Beretta,Chevrolet
855,Protege,Mazda
856,E-Class,Mercedes-Benz
857,New Beetle,Volkswagen
858,Cabriolet,Volkswagen
859,Outback,Subaru
860,G,Infiniti
861,Scirocco,Volkswagen
862,Yukon,GMC
863,Montana,Pontiac
864,Windstar,Ford
865,Avanti,Studebaker
866,Suburban 1500,Chevrolet
867,500E,Mercedes-Benz
868,Swift,Suzuki
869,S8,Audi
870,Talon,Eagle
871,Corsica,Chevrolet
872,Civic,Honda
873,Silhouette,Oldsmobile
874,Grand Marquis,Mercury
875,Elantra,Hyundai
876,Accord Crosstour,Honda
877,Sienna,Toyota
878,Ram Van B350,Dodge
879,Vandura G1500,GMC
880,Savana 1500,GMC
881,Cougar,Mercury
882,7 Series,BMW
883,Land Cruiser,Toyota
884,L-Series,Saturn
885,Sunbird,Pontiac
886,Evora,Lotus
887,LS,Lexus
888,E-Series,Ford
889,Express 3500,Chevrolet
890,F150,Ford
891,M-Class,Mercedes-Benz
892,Escape,Ford
893,Savana 3500,GMC
894,Park Avenue,Buick
895,Cavalier,Chevrolet
896,7 Series,BMW
897,Bronco,Ford
898,Stratus,Dodge
899,GTO,Mitsubishi
900,Cobalt SS,Chevrolet
901,Skyhawk,Buick
902,Skylark,Buick
903,Sierra 3500,GMC
904,TundraMax,Toyota
905,Yukon XL 2500,GMC
906,911,Porsche
907,Altima,Nissan
908,SC,Lexus
909,Ram 2500,Dodge
910,Grand Prix,Pontiac
911,Silhouette,Oldsmobile
912,Skylark,Buick
913,SL-Class,Mercedes-Benz
914,Econoline E350,Ford
915,F250,Ford
916,Econoline E350,Ford
917,Aura,Saturn
918,Accord,Honda
919,Impreza,Subaru
920,Fifth Ave,Chrysler
921,XC70,Volvo
922,Sunbird,Pontiac
923,Lancer,Mitsubishi
924,Accord,Honda
925,9-3,Saab
926,Sedona,Kia
927,911,Porsche
928,Civic,Honda
929,S5,Audi
930,Mini,Austin
931,Camry,Toyota
932,Trooper,Isuzu
933,5000S,Audi
934,Durango,Dodge
935,Sprinter,Mercedes-Benz
936,D150 Club,Dodge
937,Tacoma Xtra,Toyota
938,Metro,Geo
939,Cirrus,Chrysler
940,GTI,Volkswagen
941,Malibu,Chevrolet
942,Cirrus,Chrysler
943,Coupe Quattro,Audi
944,9-7X,Saab
945,Colt Vista,Plymouth
946,DeVille,Cadillac
947,Firefly,Pontiac
948,Quattro,Audi
949,SLR McLaren,Mercedes-Benz
950,MPV,Mazda
951,Aspire,Ford
952,Explorer,Ford
953,9000,Saab
954,Yukon,GMC
955,Outlook,Saturn
956,Econoline E150,Ford
957,Montana,Pontiac
958,G,Infiniti
959,MX-5,Mazda
960,Explorer Sport Trac,Ford
961,400E,Mercedes-Benz
962,Passport,Honda
963,RX,Lexus
964,DTS,Cadillac
965,Integra,Acura
966,Spirit,Dodge
967,E150,Ford
968,2500 Club Coupe,GMC
969,Acadia,GMC
970,944,Porsche
971,Reatta,Buick
972,GTO,Pontiac
973,Cabriolet,Volkswagen
974,F-Series,Ford
975,LeSabre,Buick
976,Sonoma,GMC
977,Mazda6 5-Door,Mazda
978,Camaro,Chevrolet
979,612 Scaglietti,Ferrari
980,Civic,Honda
981,Yukon,GMC
982,A6,Audi
983,Xterra,Nissan
984,SC,Lexus
985,SC,Lexus
986,Grand Marquis,Mercury
987,Silverado 3500HD,Chevrolet
988,Eurovan,Volkswagen
989,Tracker,Chevrolet
990,Explorer,Ford
991,LeSabre,Buick
992,F-Series,Ford
993,G,Infiniti
994,S-Class,Mercedes-Benz
995,Expedition,Ford
996,Mustang,Ford
997,RX,Lexus
998,Neon,Plymouth
999,Alliance,Renault
1000,Sidekick,Suzuki
