,id,car_model,brand
0,1,Optima,Kia
1,2,Econoline E250,Ford
2,3,Passat,Volkswagen
3,4,Voyager,Chrysler
4,5,XK Series,Jaguar
5,6,Sigma,Mitsubishi
6,7,Caravan,Dodge
7,8,C30,Volvo
8,9,Verona,Suzuki
9,10,Fortwo,Smart
10,11,Defender Ice Edition,Land Rover
11,12,Vision,Eagle
12,13,Aspen,Chrysler
13,14,Truck,Mitsubishi
14,15,Insight,Honda
15,16,Pathfinder,Nissan
16,17,Sonoma,GMC
17,18,Mustang,Ford
18,19,XL7,Suzuki
19,20,Q,Infiniti
20,21,Laser,Ford
21,22,3000GT,Mitsubishi
22,23,C30,Volvo
23,24,Laser,Ford
24,25,Savana 3500,GMC
25,26,H3T,Hummer
26,27,Mountaineer,Mercury
27,28,Ranger,Ford
28,29,LS,Lexus
29,30,NSX,Acura
30,31,DeVille,Cadillac
31,32,E250,Ford
32,33,S-Class,Mercedes-Benz
33,34,Marquis,Mercury
34,35,Vibe,Pontiac
35,36,Accord,Honda
36,37,E-Series,Ford
37,38,Leone,Subaru
38,39,100,Audi
39,40,Aerostar,Ford
40,41,2e,Aptera
41,42,Town Car,Lincoln
42,43,LR2,Land Rover
43,44,Silhouette,Oldsmobile
44,45,Frontier,Nissan
45,46,Tercel,Toyota
46,47,Camaro,Chevrolet
47,48,Impala,Chevrolet
48,49,Miata MX-5,Mazda
49,50,Town & Country,Chrysler
50,51,Leone,Subaru
51,52,Corvette,Chevrolet
52,53,QX56,Infiniti
53,54,Sierra 1500,GMC
54,55,G-Series 1500,Chevrolet
55,56,Passat,Volkswagen
56,57,Avalanche,Chevrolet
57,58,Ram Van 2500,Dodge
58,59,Mariner,Mercury
59,60,rio,Volkswagen
60,61,B-Series,Mazda
61,62,V40,Volvo
62,63,Gemini,Pontiac
63,64,Topaz,Mercury
64,65,X3,BMW
65,66,Sonoma,GMC
66,67,LaCrosse,Buick
67,68,M,Infiniti
68,69,A6,Audi
69,70,E150,Ford
70,71,Mustang,Ford
71,72,DeVille,Cadillac
72,73,Tacoma Xtra,Toyota
73,74,Sephia,Kia
74,75,Leone,Subaru
75,76,Sonata,Hyundai
76,77,Camry,Toyota
77,78,Land Cruiser,Toyota
78,79,HHR,Chevrolet
79,80,S40,Volvo
80,81,RL,Acura
81,82,62,Maybach
82,83,Ion,Saturn
83,84,Golf,Volkswagen
84,85,QX56,Infiniti
85,86,Galant,Mitsubishi
86,87,300SD,Mercedes-Benz
87,88,2500 Club Coupe,GMC
88,89,Lucerne,Buick
89,90,FJ Cruiser,Toyota
90,91,Murano,Nissan
91,92,Beetle,Volkswagen
92,93,90,Audi
93,94,X5 M,BMW
94,95,Carens,Kia
95,96,A3,Audi
96,97,Colorado,Chevrolet
97,98,Aspen,Chrysler
98,99,Galant,Mitsubishi
99,100,Prius Plug-in Hybrid,Toyota
100,101,Park Avenue,Buick
101,102,Town Car,Lincoln
102,103,Silverado,Chevrolet
103,104,Bronco,Ford
104,105,Express,Chevrolet
105,106,3500 Club Coupe,GMC
106,107,Q7,Audi
107,108,Cobalt,Chevrolet
108,109,SC,Lexus
109,110,626,Mazda
110,111,Sierra 2500,GMC
111,112,Stratus,Dodge
112,113,458 Italia,Ferrari
113,114,Express 2500,Chevrolet
114,115,Firebird,Pontiac
115,116,4000s,Audi
116,117,Avalon,Toyota
117,118,Suburban 2500,Chevrolet
118,119,Talon,Eagle
119,120,Protege,Mazda
120,121,Miata MX-5,Mazda
121,122,IS,Lexus
122,123,Flex,Ford
123,124,MX-6,Mazda
124,125,F-Series,Ford
125,126,Tahoe,Chevrolet
126,127,Escape,Ford
127,128,Touareg,Volkswagen
128,129,Sorento,Kia
129,130,Fit,Honda
130,131,xD,Scion
131,132,H2 SUT,Hummer
132,133,Aurora,Oldsmobile
133,134,Explorer,Ford
134,135,SRX,Cadillac
135,136,Accent,Hyundai
136,137,Countach,Lamborghini
137,138,Grand Caravan,Dodge
138,139,Maxima,Nissan
139,140,Tacoma Xtra,Toyota
140,141,SC,Lexus
141,142,XL7,Suzuki
142,143,545,BMW
143,144,CR-X,Honda
144,145,Impreza,Subaru
145,146,Maxima,Nissan
146,147,Yukon XL 1500,GMC
147,148,CTS-V,Cadillac
148,149,Trans Sport,Pontiac
149,150,Town Car,Lincoln
150,151,Grand Prix,Pontiac
151,152,F250,Ford
152,153,Ranger,Ford
153,154,Express 3500,Chevrolet
154,155,MR2,Toyota
155,156,G,Infiniti
156,157,Accord,Honda
157,158,Escort,Ford
158,159,XK Series,Jaguar
159,160,Ram Van 2500,Dodge
160,161,M5,BMW
161,162,Grand Caravan,Dodge
162,163,S60,Volvo
163,164,G35,Infiniti
164,165,Aerostar,Ford
165,166,Accent,Hyundai
166,167,Tacoma,Toyota
167,168,Jetta,Volkswagen
168,169,4Runner,Toyota
169,170,Grand Cherokee,Jeep
170,171,Tahoe,Chevrolet
171,172,Escalade EXT,Cadillac
172,173,911,Porsche
173,174,Premier,Eagle
174,175,Savana 1500,GMC
175,176,Galant,Mitsubishi
176,177,Trans Sport,Pontiac
177,178,Fiesta,Ford
178,179,CX-7,Mazda
179,180,3 Series,BMW
180,181,Imperial,Chrysler
181,182,RX Hybrid,Lexus
182,183,M3,BMW
183,184,G-Series 2500,Chevrolet
184,185,Impala,Chevrolet
185,186,Blazer,Chevrolet
186,187,Cougar,Mercury
187,188,Ram 2500,Dodge
188,189,Esteem,Suzuki
189,190,Ranger,Ford
190,191,Neon,Dodge
191,192,Suburban 2500,GMC
192,193,W201,Mercedes-Benz
193,194,2500,GMC
194,195,Flex,Ford
195,196,F-250 Super Duty,Ford
196,197,98,Oldsmobile
197,198,Century,Buick
198,199,Spirit,Dodge
199,200,626,Mazda
200,201,Contour,Ford
201,202,911,Porsche
202,203,Corvette,Chevrolet
203,204,Colt,Dodge
204,205,F-Series,Ford
205,206,900,Saab
206,207,SRX,Cadillac
207,208,9000,Saab
208,209,Corvette,Chevrolet
209,210,Compass,Jeep
210,211,Crossfire,Chrysler
211,212,Tracker,Chevrolet
212,213,Q,Infiniti
213,214,Ranger,Ford
214,215,Continental,Bentley
215,216,rio,Volkswagen
216,217,Eclipse,Mitsubishi
217,218,Escalade ESV,Cadillac
218,219,4Runner,Toyota
219,220,626,Mazda
220,221,Diablo,Lamborghini
221,222,2500,GMC
222,223,Topaz,Mercury
223,224,Safari,GMC
224,225,Rio,Kia
225,226,Contour,Ford
226,227,Solara,Toyota
227,228,3500,Chevrolet
228,229,Gran Sport,Maserati
229,230,Savana 2500,GMC
230,231,S10,Chevrolet
231,232,MPV,Mazda
232,233,Tundra,Toyota
233,234,X6,BMW
234,235,Galant,Mitsubishi
235,236,Century,Buick
236,237,VUE,Saturn
237,238,Legacy,Subaru
238,239,Solara,Toyota
239,240,5 Series,BMW
240,241,Range Rover Sport,Land Rover
241,242,Suburban 2500,Chevrolet
242,243,Storm,Geo
243,244,626,Mazda
244,245,Escalade ESV,Cadillac
245,246,Cabriolet,Volkswagen
246,247,Leone,Subaru
247,248,TT,Audi
248,249,Impala,Chevrolet
249,250,IPL G,Infiniti
250,251,Sorento,Kia
251,252,Mustang,Ford
252,253,Windstar,Ford
253,254,S-Type,Jaguar
254,255,9-5,Saab
255,256,A6,Audi
256,257,RX-7,Mazda
257,258,3 Series,BMW
258,259,Tribeca,Subaru
259,260,Yukon,GMC
260,261,Savana 1500,GMC
261,262,IS-F,Lexus
262,263,900,Saab
263,264,Sierra 1500,GMC
264,265,Sunfire,Pontiac
265,266,Challenger,Dodge
266,267,Tucson,Hyundai
267,268,Entourage,Hyundai
268,269,Sebring,Chrysler
269,270,Econoline E350,Ford
270,271,Lumina,Chevrolet
271,272,Escalade EXT,Cadillac
272,273,Aerostar,Ford
273,274,Cabriolet,Volkswagen
274,275,Sprinter 3500,Mercedes-Benz
275,276,Escalade,Cadillac
276,277,Legacy,Subaru
277,278,Celica,Toyota
278,279,A8,Audi
279,280,Villager,Mercury
280,281,Club Wagon,Ford
281,282,Swift,Suzuki
282,283,MX-5,Mazda
283,284,Alpina B7,BMW
284,285,SL-Class,Mercedes-Benz
285,286,Intrepid,Dodge
286,287,LeSabre,Buick
287,288,Ascender,Isuzu
288,289,600,BMW
289,290,Probe,Ford
290,291,GLK-Class,Mercedes-Benz
291,292,Ranger,Ford
292,293,MR2,Toyota
293,294,Prius,Toyota
294,295,Avalanche 1500,Chevrolet
295,296,626,Mazda
296,297,1500,GMC
297,298,Five Hundred,Ford
298,299,S10 Blazer,Chevrolet
299,300,Galant,Mitsubishi
300,301,QX,Infiniti
301,302,Taurus,Ford
302,303,Navigator L,Lincoln
303,304,CTS,Cadillac
304,305,SL-Class,Mercedes-Benz
305,306,Altima,Nissan
306,307,Electra,Buick
307,308,Protege5,Mazda
308,309,Durango,Dodge
309,310,Citation,Chevrolet
310,311,SC,Lexus
311,312,Z3,BMW
312,313,4Runner,Toyota
313,314,GTI,Volkswagen
314,315,Coupe GT,Audi
315,316,Yukon XL 1500,GMC
316,317,RX-7,Mazda
317,318,H2 SUV,Hummer
318,319,Mustang,Ford
319,320,Forester,Subaru
320,321,Avenger,Dodge
321,322,Cougar,Mercury
322,323,Century,Buick
323,324,Liberty,Jeep
324,325,7 Series,BMW
325,326,CL-Class,Mercedes-Benz
326,327,W201,Mercedes-Benz
327,328,300ZX,Nissan
328,329,Econoline E350,Ford
329,330,G-Series G30,Chevrolet
330,331,Probe,Ford
331,332,Probe,Ford
332,333,Mazda6,Mazda
333,334,Caravan,Dodge
334,335,E-Series,Ford
335,336,F150,Ford
336,337,Parisienne,Pontiac
337,338,Grand Cherokee,Jeep
338,339,S40,Volvo
339,340,SJ,Suzuki
340,341,XK,Jaguar
341,342,Sidekick,Suzuki
342,343,SL-Class,Mercedes-Benz
343,344,Corvette,Chevrolet
344,345,7 Series,BMW
345,346,Sierra 1500,GMC
346,347,Sierra 1500,GMC
347,348,S10,Chevrolet
348,349,Range Rover,Land Rover
349,350,Bonneville,Pontiac
350,351,G,Infiniti
351,352,911,Porsche
352,353,9-5,Saab
353,354,3500,GMC
354,355,Corolla,Toyota
355,356,Sportvan G10,Chevrolet
356,357,GS,Lexus
357,358,Sonata,Hyundai
358,359,626,Mazda
359,360,Range Rover Sport,Land Rover
360,361,Outlander Sport,Mitsubishi
361,362,Venture,Chevrolet
362,363,Navigator,Lincoln
363,364,R8,Audi
364,365,Outback,Subaru
365,366,S4,Audi
366,367,Odyssey,Honda
367,368,Golf,Volkswagen
368,369,9000,Saab
369,370,Ram Van 3500,Dodge
370,371,ES,Lexus
371,372,QX,Infiniti
372,373,RAV4,Toyota
373,374,E-Class,Mercedes-Benz
374,375,Bonneville,Pontiac
375,376,F250,Ford
376,377,Grand Voyager,Plymouth
377,378,Venture,Chevrolet
378,379,Somerset,Buick
379,380,Sentra,Nissan
380,381,Probe,Ford
381,382,Mirage,Mitsubishi
382,383,Yukon XL 2500,GMC
383,384,Mighty Max Macro,Mitsubishi
384,385,i-350,Isuzu
385,386,Ram,Dodge
386,387,Outlander Sport,Mitsubishi
387,388,C70,Volvo
388,389,E-Series,Ford
389,390,Charger,Dodge
390,391,Defender,Land Rover
391,392,Fleetwood,Cadillac
392,393,F-Series,Ford
393,394,Sierra 2500,GMC
394,395,ES,Lexus
395,396,C-Class,Mercedes-Benz
396,397,Brougham,Cadillac
397,398,Sidekick,Suzuki
398,399,Sentra,Nissan
399,400,Compass,Jeep
400,401,Eclipse,Mitsubishi
401,402,Quattroporte,Maserati
402,403,Econoline E250,Ford
403,404,Intrepid,Dodge
404,405,Armada,Nissan
405,406,Sentra,Nissan
406,407,Ram 1500,Dodge
407,408,9-5,Saab
408,409,Element,Honda
409,410,Shadow,Dodge
410,411,Esperante,Panoz
411,412,Bravada,Oldsmobile
412,413,Econoline E150,Ford
413,414,Ram,Dodge
414,415,600,BMW
415,416,Savana 2500,GMC
416,417,Cobalt,Chevrolet
417,418,Raider,Mitsubishi
418,419,5000CS,Audi
419,420,LeMans,Pontiac
420,421,Elantra,Hyundai
421,422,Tucson,Hyundai
422,423,Electra,Buick
423,424,S2000,Honda
424,425,Pajero,Mitsubishi
425,426,S70,Volvo
426,427,GX,Lexus
427,428,ES,Lexus
428,429,Expo,Mitsubishi
429,430,545,BMW
430,431,Viper RT/10,Dodge
431,432,Express 2500,Chevrolet
432,433,Explorer,Ford
433,434,Sentra,Nissan
434,435,Continental,Lincoln
435,436,G-Class,Mercedes-Benz
436,437,S5,Audi
437,438,Esperante,Panoz
438,439,Sienna,Toyota
439,440,ES,Lexus
440,441,Trooper,Isuzu
441,442,Impreza,Subaru
442,443,Savana 3500,GMC
443,444,Land Cruiser,Toyota
444,445,ES,Lexus
445,446,Focus,Ford
446,447,8 Series,BMW
447,448,Camaro,Chevrolet
448,449,Legacy,Subaru
449,450,QX,Infiniti
450,451,Ram 1500,Dodge
451,452,Express 1500,Chevrolet
452,453,RSX,Acura
453,454,Viper,Dodge
454,455,Cherokee,Jeep
455,456,Legend,Acura
456,457,New Beetle,Volkswagen
457,458,Explorer,Ford
458,459,960,Volvo
459,460,Liberty,Jeep
460,461,Grand Vitara,Suzuki
461,462,300SD,Mercedes-Benz
462,463,Bronco,Ford
463,464,Celica,Toyota
464,465,Jetta,Volkswagen
465,466,SL-Class,Mercedes-Benz
466,467,Defender 90,Land Rover
467,468,Corvette,Chevrolet
468,469,Sentra,Nissan
469,470,Legacy,Subaru
470,471,Seville,Cadillac
471,472,Galaxie,Ford
472,473,Esteem,Suzuki
473,474,Ranger,Ford
474,475,Corvette,Chevrolet
475,476,626,Mazda
476,477,Skylark,Buick
477,478,Diablo,Lamborghini
478,479,Skylark,Buick
479,480,Sable,Mercury
480,481,Daewoo Magnus,Suzuki
481,482,STS,Cadillac
482,483,G-Series 2500,Chevrolet
483,484,XJ Series,Jaguar
484,485,Yukon XL 1500,GMC
485,486,Rondo,Kia
486,487,A6,Audi
487,488,Tacoma Xtra,Toyota
488,489,MKS,Lincoln
489,490,Routan,Volkswagen
490,491,V70,Volvo
491,492,Passport,Honda
492,493,323,Mazda
493,494,S4,Audi
494,495,Vandura 1500,GMC
495,496,i-290,Isuzu
496,497,Town Car,Lincoln
497,498,90,Audi
498,499,TundraMax,Toyota
499,500,Sentra,Nissan
500,501,Express 1500,Chevrolet
501,502,Voyager,Plymouth
502,503,F150,Ford
503,504,RX,Lexus
504,505,90,Audi
505,506,Yukon,GMC
506,507,A6,Audi
507,508,Quattroporte,Maserati
508,509,TL,Acura
509,510,Crossfire,Chrysler
510,511,Land Cruiser,Toyota
511,512,CLS-Class,Mercedes-Benz
512,513,Q,Infiniti
513,514,Escape,Ford
514,515,Somerset,Buick
515,516,Grand Am,Pontiac
516,517,Canyon,GMC
517,518,Silhouette,Oldsmobile
518,519,6 Series,BMW
519,520,Fleetwood,Cadillac
520,521,Savana 3500,GMC
521,522,LeBaron,Chrysler
522,523,I,Infiniti
523,524,Tahoe,Chevrolet
524,525,Camaro,Chevrolet
525,526,Mariner,Mercury
526,527,New Yorker,Chrysler
527,528,Caliber,Dodge
528,529,9000,Saab
529,530,Rondo,Kia
530,531,Phantom,Rolls-Royce
531,532,R-Class,Mercedes-Benz
532,533,rio,Volkswagen
533,534,300TE,Mercedes-Benz
534,535,Ram 3500,Dodge
535,536,Cherokee,Jeep
536,537,V8 Vantage,Aston Martin
537,538,Outlook,Saturn
538,539,Precis,Mitsubishi
539,540,Savana 1500,GMC
540,541,Diablo,Lamborghini
541,542,H2 SUT,Hummer
542,543,Rabbit,Volkswagen
543,544,Range Rover Classic,Land Rover
544,545,Quest,Nissan
545,546,Montero Sport,Mitsubishi
546,547,Grand Prix,Pontiac
547,548,GTI,Volkswagen
548,549,E-Series,Ford
549,550,Pajero,Mitsubishi
550,551,CR-V,Honda
551,552,ES,Lexus
552,553,Mariner,Mercury
553,554,LR4,Land Rover
554,555,Pilot,Honda
555,556,D250,Dodge
556,557,C70,Volvo
557,558,GranTurismo,Maserati
558,559,Prowler,Plymouth
559,560,Rio,Kia
560,561,Town Car,Lincoln
561,562,S-Series,Saturn
562,563,Tacoma,Toyota
563,564,6 Series,BMW
564,565,Yaris,Toyota
565,566,Grand Marquis,Mercury
566,567,Boxster,Porsche
567,568,Caravan,Dodge
568,569,Reliant,Plymouth
569,570,LS,Lexus
570,571,Malibu,Chevrolet
571,572,Civic Si,Honda
572,573,E-Class,Mercedes-Benz
573,574,Jimmy,GMC
574,575,Monte Carlo,Chevrolet
575,576,GranTurismo,Maserati
576,577,Prizm,Chevrolet
577,578,A4,Audi
578,579,Verona,Suzuki
579,580,Seville,Cadillac
580,581,B-Series,Mazda
581,582,Caravan,Dodge
582,583,Fiero,Pontiac
583,584,Cherokee,Jeep
584,585,RAV4,Toyota
585,586,Range Rover,Land Rover
586,587,Astro,Chevrolet
587,588,Grand Voyager,Plymouth
588,589,Accent,Hyundai
589,590,Dakota Club,Dodge
590,591,Thunderbird,Ford
591,592,Metro,Chevrolet
592,593,500SL,Mercedes-Benz
593,594,CLK-Class,Mercedes-Benz
594,595,Lumina,Chevrolet
595,596,Escort ZX2,Ford
596,597,V8 Vantage,Aston Martin
597,598,Ranger,Ford
598,599,Suburban 2500,Chevrolet
599,600,Pilot,Honda
600,601,Land Cruiser,Toyota
601,602,Corolla,Toyota
602,603,Quest,Nissan
603,604,Town & Country,Chrysler
604,605,Seville,Cadillac
605,606,Grand Vitara,Suzuki
606,607,Yukon XL 2500,GMC
607,608,V70,Volvo
608,609,F450,Ford
609,610,Relay,Saturn
610,611,Matrix,Toyota
611,612,Quattroporte,Maserati
612,613,Altima,Nissan
613,614,Wrangler,Jeep
614,615,S80,Volvo
615,616,Suburban 2500,GMC
616,617,M3,BMW
617,618,Prius,Toyota
618,619,62,Maybach
619,620,Camry,Toyota
620,621,Sienna,Toyota
621,622,Ram 1500,Dodge
622,623,VS Commodore,Holden
623,624,Carrera GT,Porsche
624,625,3500,Chevrolet
625,626,NSX,Acura
626,627,H2,Hummer
627,628,Prelude,Honda
628,629,Freelander,Land Rover
629,630,2500,Chevrolet
630,631,Brooklands,Bentley
631,632,SLK-Class,Mercedes-Benz
632,633,Country,Ford
633,634,C-Class,Mercedes-Benz
634,635,Sephia,Kia
635,636,C70,Volvo
636,637,S60,Volvo
637,638,Kizashi,Suzuki
638,639,Escort,Ford
639,640,Compass,Jeep
640,641,Continental GTC,Bentley
641,642,Viper,Dodge
642,643,Ram Wagon B250,Dodge
643,644,SVX,Subaru
644,645,Econoline E350,Ford
645,646,MX-5,Mazda
646,647,Crown Victoria,Ford
647,648,Paseo,Toyota
648,649,Murciélago,Lamborghini
649,650,Legacy,Subaru
650,651,F450,Ford
651,652,Frontier,Nissan
652,653,3 Series,BMW
653,654,Tacoma,Toyota
654,655,Suburban 1500,Chevrolet
655,656,Grand Caravan,Dodge
656,657,XT,Subaru
657,658,Ram Van 3500,Dodge
658,659,New Beetle,Volkswagen
659,660,Sidekick,Suzuki
660,661,TrailBlazer,Chevrolet
661,662,Solara,Toyota
662,663,Firebird,Pontiac
663,664,Ciera,Oldsmobile
664,665,A3,Audi
665,666,Thunderbird,Ford
666,667,Savana 3500,GMC
667,668,Mark VIII,Lincoln
668,669,Bonneville,Pontiac
669,670,Continental,Lincoln
670,671,SL-Class,Mercedes-Benz
671,672,Silhouette,Oldsmobile
672,673,CR-V,Honda
673,674,Venza,Toyota
674,675,164,Alfa Romeo
675,676,XJ Series,Jaguar
676,677,Bonneville,Pontiac
677,678,MPV,Mazda
678,679,Impreza,Subaru
679,680,Neon,Plymouth
680,681,Neon,Dodge
681,682,Spyder,Maserati
682,683,RX Hybrid,Lexus
683,684,Suburban 1500,GMC
684,685,Savana 1500,GMC
685,686,900,Saab
686,687,SC,Lexus
687,688,Tundra,Toyota
688,689,Corolla,Toyota
689,690,6000,Pontiac
690,691,Continental,Lincoln
691,692,D250 Club,Dodge
692,693,Sonoma Club Coupe,GMC
693,694,1500 Club Coupe,GMC
694,695,Corolla,Toyota
695,696,LeSabre,Buick
696,697,GTI,Volkswagen
697,698,G-Series G10,Chevrolet
698,699,Corvair,Chevrolet
699,700,XT,Subaru
700,701,Grand Cherokee,Jeep
701,702,GX,Lexus
702,703,S6,Audi
703,704,88,Oldsmobile
704,705,Dakota Club,Dodge
705,706,CTS,Cadillac
706,707,GTI,Volkswagen
707,708,Firebird,Pontiac
708,709,SL-Class,Mercedes-Benz
709,710,Silverado 2500,Chevrolet
710,711,Z8,BMW
711,712,Discovery,Land Rover
712,713,Xterra,Nissan
713,714,Tracer,Mercury
714,715,Dakota,Dodge
715,716,HHR Panel,Chevrolet
716,717,Camaro,Chevrolet
717,718,Ranger,Ford
718,719,Azera,Hyundai
719,720,Firebird,Pontiac
720,721,tC,Scion
721,722,Murciélago,Lamborghini
722,723,Santa Fe,Hyundai
723,724,Vibe,Pontiac
724,725,Dakota Club,Dodge
725,726,Laser,Ford
726,727,Odyssey,Honda
727,728,Cabriolet,Audi
728,729,Versa,Nissan
729,730,LeMans,Pontiac
730,731,Impala,Chevrolet
731,732,Hombre,Isuzu
732,733,F150,Ford
733,734,MX-5,Mazda
734,735,GTO,Pontiac
735,736,Vigor,Acura
736,737,300E,Mercedes-Benz
737,738,Legend,Acura
738,739,Cavalier,Chevrolet
739,740,Suburban 2500,GMC
740,741,Millenia,Mazda
741,742,Ramcharger,Dodge
742,743,Vanquish S,Aston Martin
743,744,Econoline E150,Ford
744,745,Rally Wagon 1500,GMC
745,746,SL-Class,Mercedes-Benz
746,747,S40,Volvo
747,748,S6,Audi
748,749,Firebird,Pontiac
749,750,Discovery,Land Rover
750,751,Cabriolet,Audi
751,752,E-Class,Mercedes-Benz
752,753,V70,Volvo
753,754,Grand Am,Pontiac
754,755,Firefly,Pontiac
755,756,Land Cruiser,Toyota
756,757,Escape,Ford
757,758,Esprit,Lotus
758,759,Express 2500,Chevrolet
759,760,Hemisfear,Foose
760,761,LTD Crown Victoria,Ford
761,762,MKX,Lincoln
762,763,Protege,Mazda
763,764,599 GTB Fiorano,Ferrari
764,765,Grand Prix,Pontiac
765,766,Esprit,Lotus
766,767,Altima,Nissan
767,768,3500,GMC
768,769,Estate,Buick
769,770,Suburban 1500,Chevrolet
770,771,LTD,Ford
771,772,Precis,Mitsubishi
772,773,A8,Audi
773,774,Caliber,Dodge
774,775,Ridgeline,Honda
775,776,Miata MX-5,Mazda
776,777,F250,Ford
777,778,Highlander,Toyota
778,779,5 Series,BMW
779,780,Bonneville,Pontiac
780,781,Express 1500,Chevrolet
781,782,Express 3500,Chevrolet
782,783,S10,Chevrolet
783,784,A8,Audi
784,785,Lucerne,Buick
785,786,Elan,Lotus
786,787,960,Volvo
787,788,MKZ,Lincoln
788,789,626,Mazda
789,790,Passat,Volkswagen
790,791,Grand Caravan,Dodge
791,792,Space,Isuzu
792,793,Sorento,Kia
793,794,SL-Class,Mercedes-Benz
794,795,Celica,Toyota
795,796,Solara,Toyota
796,797,Scirocco,Volkswagen
797,798,Ram Van 3500,Dodge
798,799,Diablo,Lamborghini
799,800,Vitara,Suzuki
800,801,9000,Saab
801,802,MDX,Acura
802,803,Protege,Mazda
803,804,Clubman,MINI
804,805,Marquis,Mercury
805,806,Odyssey,Honda
806,807,Tercel,Toyota
807,808,S-Class,Mercedes-Benz
808,809,E250,Ford
809,810,Sunbird,Pontiac
810,811,GTI,Volkswagen
811,812,Miata MX-5,Mazda
812,813,626,Mazda
813,814,S5,Audi
814,815,Grand Am,Pontiac
815,816,C-Class,Mercedes-Benz
816,817,Sephia,Kia
817,818,Camry,Toyota
818,819,Topaz,Mercury
819,820,Express,Chevrolet
820,821,Impreza,Subaru
821,822,Golf,Volkswagen
822,823,Mirage,Mitsubishi
823,824,Rogue,Nissan
824,825,Civic Si,Honda
825,826,850,Volvo
826,827,Lancer,Mitsubishi
827,828,Navajo,Mazda
828,829,Ram 50,Dodge
829,830,GTO,Pontiac
830,831,LS,Lexus
831,832,Range Rover,Land Rover
832,833,80/90,Audi
833,834,Ciera,Oldsmobile
834,835,CL-Class,Mercedes-Benz
835,836,Lucerne,Buick
836,837,Lightning,Ford
837,838,Frontier,Nissan
838,839,Mustang,Ford
839,840,Escape,Ford
840,841,626,Mazda
841,842,Xterra,Nissan
842,843,Corsica,Chevrolet
843,844,ES,Lexus
844,845,Tercel,Toyota
845,846,Millenia,Mazda
846,847,Lancer,Mitsubishi
847,848,G-Class,Mercedes-Benz
848,849,Freelander,Land Rover
849,850,E250,Ford
850,851,SL-Class,Mercedes-Benz
851,852,Explorer,Ford
852,853,G,Infiniti
853,854,Beretta,Chevrolet
854,855,Protege,Mazda
855,856,E-Class,Mercedes-Benz
856,857,New Beetle,Volkswagen
857,858,Cabriolet,Volkswagen
858,859,Outback,Subaru
859,860,G,Infiniti
860,861,Scirocco,Volkswagen
861,862,Yukon,GMC
862,863,Montana,Pontiac
863,864,Windstar,Ford
864,865,Avanti,Studebaker
865,866,Suburban 1500,Chevrolet
866,867,500E,Mercedes-Benz
867,868,Swift,Suzuki
868,869,S8,Audi
869,870,Talon,Eagle
870,871,Corsica,Chevrolet
871,872,Civic,Honda
872,873,Silhouette,Oldsmobile
873,874,Grand Marquis,Mercury
874,875,Elantra,Hyundai
875,876,Accord Crosstour,Honda
876,877,Sienna,Toyota
877,878,Ram Van B350,Dodge
878,879,Vandura G1500,GMC
879,880,Savana 1500,GMC
880,881,Cougar,Mercury
881,882,7 Series,BMW
882,883,Land Cruiser,Toyota
883,884,L-Series,Saturn
884,885,Sunbird,Pontiac
885,886,Evora,Lotus
886,887,LS,Lexus
887,888,E-Series,Ford
888,889,Express 3500,Chevrolet
889,890,F150,Ford
890,891,M-Class,Mercedes-Benz
891,892,Escape,Ford
892,893,Savana 3500,GMC
893,894,Park Avenue,Buick
894,895,Cavalier,Chevrolet
895,896,7 Series,BMW
896,897,Bronco,Ford
897,898,Stratus,Dodge
898,899,GTO,Mitsubishi
899,900,Cobalt SS,Chevrolet
900,901,Skyhawk,Buick
901,902,Skylark,Buick
902,903,Sierra 3500,GMC
903,904,TundraMax,Toyota
904,905,Yukon XL 2500,GMC
905,906,911,Porsche
906,907,Altima,Nissan
907,908,SC,Lexus
908,909,Ram 2500,Dodge
909,910,Grand Prix,Pontiac
910,911,Silhouette,Oldsmobile
911,912,Skylark,Buick
912,913,SL-Class,Mercedes-Benz
913,914,Econoline E350,Ford
914,915,F250,Ford
915,916,Econoline E350,Ford
916,917,Aura,Saturn
917,918,Accord,Honda
918,919,Impreza,Subaru
919,920,Fifth Ave,Chrysler
920,921,XC70,Volvo
921,922,Sunbird,Pontiac
922,923,Lancer,Mitsubishi
923,924,Accord,Honda
924,925,9-3,Saab
925,926,Sedona,Kia
926,927,911,Porsche
927,928,Civic,Honda
928,929,S5,Audi
929,930,Mini,Austin
930,931,Camry,Toyota
931,932,Trooper,Isuzu
932,933,5000S,Audi
933,934,Durango,Dodge
934,935,Sprinter,Mercedes-Benz
935,936,D150 Club,Dodge
936,937,Tacoma Xtra,Toyota
937,938,Metro,Geo
938,939,Cirrus,Chrysler
939,940,GTI,Volkswagen
940,941,Malibu,Chevrolet
941,942,Cirrus,Chrysler
942,943,Coupe Quattro,Audi
943,944,9-7X,Saab
944,945,Colt Vista,Plymouth
945,946,DeVille,Cadillac
946,947,Firefly,Pontiac
947,948,Quattro,Audi
948,949,SLR McLaren,Mercedes-Benz
949,950,MPV,Mazda
950,951,Aspire,Ford
951,952,Explorer,Ford
952,953,9000,Saab
953,954,Yukon,GMC
954,955,Outlook,Saturn
955,956,Econoline E150,Ford
956,957,Montana,Pontiac
957,958,G,Infiniti
958,959,MX-5,Mazda
959,960,Explorer Sport Trac,Ford
960,961,400E,Mercedes-Benz
961,962,Passport,Honda
962,963,RX,Lexus
963,964,DTS,Cadillac
964,965,Integra,Acura
965,966,Spirit,Dodge
966,967,E150,Ford
967,968,2500 Club Coupe,GMC
968,969,Acadia,GMC
969,970,944,Porsche
970,971,Reatta,Buick
971,972,GTO,Pontiac
972,973,Cabriolet,Volkswagen
973,974,F-Series,Ford
974,975,LeSabre,Buick
975,976,Sonoma,GMC
976,977,Mazda6 5-Door,Mazda
977,978,Camaro,Chevrolet
978,979,612 Scaglietti,Ferrari
979,980,Civic,Honda
980,981,Yukon,GMC
981,982,A6,Audi
982,983,Xterra,Nissan
983,984,SC,Lexus
984,985,SC,Lexus
985,986,Grand Marquis,Mercury
986,987,Silverado 3500HD,Chevrolet
987,988,Eurovan,Volkswagen
988,989,Tracker,Chevrolet
989,990,Explorer,Ford
990,991,LeSabre,Buick
991,992,F-Series,Ford
992,993,G,Infiniti
993,994,S-Class,Mercedes-Benz
994,995,Expedition,Ford
995,996,Mustang,Ford
996,997,RX,Lexus
997,998,Neon,Plymouth
998,999,Alliance,Renault
999,1000,Sidekick,Suzuki
